gender;spkid;vowel;f0;F1;F2;F3
M;1;IY;160.;240.;2280.;2850.
M;1;IY;186.;280.;2400.;2790.
M;1;IH;203.;390.;2030.;2640.
M;1;IH;192.;310.;1980.;2550.
M;1;EH;161.;490.;1870.;2420.
M;1;EH;155.;570.;1700.;2600.
M;1;AE;140.;560.;1820.;2660.
M;1;AE;180.;630.;1700.;2550.
M;1;AH;144.;590.;1250.;2620.
M;1;AH;148.;620.;1300.;2530.
M;1;AA;148.;740.;1070.;2490.
M;1;AA;170.;800.;1060.;2640.
M;1;AO;161.;600.;970.;2280.
M;1;AO;158.;660.;980.;2220.
M;1;UH;163.;440.;1120.;2210.
M;1;UH;190.;400.;1070.;2280.
M;1;UW;160.;240.;1040.;2150.
M;1;UW;157.;270.;930.;2280.
M;1;ER;177.;370.;1520.;1670.
M;1;ER;164.;460.;1330.;1590.
M;2;IY;147.;220.;2220.;2910.
M;2;IY;148.;210.;2360.;3250.
M;2;IH;141.;410.;1890.;2680.
M;2;IH;139.;420.;1850.;2500.
M;2;EH;136.;500.;1760.;2590.
M;2;EH;135.;510.;1710.;2380.
M;2;AE;128.;690.;1610.;2560.
M;2;AE;131.;700.;1690.;2580.
M;2;AH;140.;650.;1080.;2420.
M;2;AH;125.;625.;1060.;2490.
M;2;AA;140.;650.;1040.;2450.
M;2;AA;136.;670.;1100.;2430.
M;2;AO;149.;580.;580.;2470.
M;2;AO;140.;560.;560.;2410.
M;2;UH;145.;450.;940.;1910.
M;2;UH;141.;410.;830.;2240.
M;2;UW;140.;280.;650.;3300.
M;2;UW;137.;260.;660.;3300.
M;2;ER;145.;510.;1210.;1570.
M;2;ER;145.;510.;1130.;1510.
M;3;IY;105.;250.;2180.;2680.
M;3;IY;111.;244.;2300.;2780.
M;3;IH;100.;400.;1930.;2610.
M;3;IH;104.;400.;1990.;2700.
M;3;EH;100.;550.;1810.;2500.
M;3;EH;95.;540.;1810.;2480.
M;3;AE;93.;630.;1710.;2400.
M;3;AE;94.;658.;1755.;2305.
M;3;AH;100.;600.;1200.;2320.
M;3;AH;105.;612.;1160.;2350.
M;3;AA;91.;640.;1080.;2140.
M;3;AA;94.;720.;1090.;2230.
M;3;AO;92.;550.;870.;2300.
M;3;AO;120.;540.;840.;2280.
M;3;UH;114.;460.;1150.;2290.
M;3;UH;114.;456.;1030.;2300.
M;3;UW;112.;340.;950.;2240.
M;3;UW;112.;326.;900.;2190.
M;3;ER;100.;500.;1370.;1780.
M;3;ER;106.;530.;1330.;1800.
M;4;IY;150.;300.;2240.;3400.
M;4;IY;156.;280.;2450.;3200.
M;4;IH;156.;450.;1960.;2400.
M;4;IH;146.;440.;2050.;2360.
M;4;EH;130.;570.;1780.;2410.
M;4;EH;150.;555.;1890.;2440.
M;4;AE;125.;750.;1610.;2340.
M;4;AE;136.;770.;1580.;2350.
M;4;AH;132.;660.;1200.;2330.
M;4;AH;150.;675.;1140.;2380.
M;4;AA;125.;750.;1100.;2550.
M;4;AA;138.;800.;1120.;2500.
M;4;AO;143.;540.;850.;2320.
M;4;AO;150.;555.;890.;2370.
M;4;UH;136.;460.;960.;2210.
M;4;UH;156.;460.;1000.;2350.
M;4;UW;140.;380.;950.;2050.
M;4;UW;148.;385.;850.;2330.
M;4;ER;150.;590.;1400.;1840.
M;4;ER;145.;555.;1430.;1730.
M;5;IY;140.;310.;2310.;2820.
M;5;IY;131.;260.;2250.;2850.
M;5;IH;137.;440.;2060.;2640.
M;5;IH;134.;430.;1880.;2450.
M;5;EH;140.;580.;1910.;2500.
M;5;EH;137.;550.;1770.;2400.
M;5;AE;143.;830.;1720.;2180.
M;5;AE;135.;750.;1690.;2320.
M;5;AH;136.;630.;1300.;1950.
M;5;AH;130.;650.;1170.;2000.
M;5;AA;131.;760.;1220.;2140.
M;5;AA;126.;720.;1260.;2020.
M;5;AO;136.;540.;970.;1980.
M;5;AO;124.;550.;880.;1950.
M;5;UH;133.;470.;1040.;1990.
M;5;UH;132.;490.;990.;1920.
M;5;UW;141.;380.;950.;2140.
M;5;UW;133.;330.;800.;2130.
M;5;ER;143.;560.;1510.;1800.
M;5;ER;136.;510.;1460.;1700.
M;6;IY;125.;312.;2350.;2800.
M;6;IY;119.;330.;2430.;2870.
M;6;IH;133.;420.;2000.;2660.
M;6;IH;125.;313.;2000.;2750.
M;6;EH;120.;600.;1860.;2500.
M;6;EH;114.;570.;1830.;2570.
M;6;AE;119.;676.;1670.;2540.
M;6;AE;125.;725.;1687.;2500.
M;6;AH;118.;680.;1150.;2560.
M;6;AH;125.;726.;1270.;2560.
M;6;AA;125.;740.;1100.;2680.
M;6;AA;113.;670.;960.;2650.
M;6;AO;120.;660.;1030.;2690.
M;6;AO;125.;720.;960.;2700.
M;6;UH;120.;456.;1080.;2520.
M;6;UH;120.;450.;1140.;2600.
M;6;UW;125.;313.;838.;2340.
M;6;UW;125.;288.;938.;2450.
M;6;ER;120.;503.;1305.;1775.
M;6;ER;120.;505.;1320.;1750.
M;7;IY;186.;320.;2320.;3120.
M;7;IY;172.;310.;2280.;3020.
M;7;IH;167.;470.;2000.;2660.
M;7;IH;170.;410.;2040.;2715.
M;7;EH;167.;630.;1900.;2860.
M;7;EH;146.;614.;1840.;2770.
M;7;AE;143.;740.;1800.;2450.
M;7;AE;162.;775.;1810.;2200.
M;7;AH;167.;620.;1240.;2410.
M;7;AH;160.;640.;1250.;2400.
M;7;AA;162.;650.;970.;2580.
M;7;AA;163.;650.;980.;2350.
M;7;AO;145.;430.;720.;2450.
M;7;AO;171.;510.;800.;2500.
M;7;UH;170.;460.;1120.;2150.
M;7;UH;170.;493.;1120.;2300.
M;7;UW;175.;380.;1040.;2260.
M;7;UW;200.;400.;1000.;2350.
M;7;ER;167.;570.;1300.;1750.
M;7;ER;157.;565.;1370.;1710.
M;8;IY;105.;230.;2480.;3200.
M;8;IY;109.;218.;2380.;3100.
M;8;IH;110.;320.;2200.;2680.
M;8;IH;103.;206.;2130.;2570.
M;8;EH;107.;430.;2100.;2630.
M;8;EH;105.;515.;1760.;2470.
M;8;AE;107.;514.;2060.;2600.
M;8;AE;106.;552.;1820.;2500.
M;8;AH;108.;640.;1300.;2300.
M;8;AH;104.;624.;1350.;2410.
M;8;AA;111.;714.;1170.;2420.
M;8;AA;97.;650.;1150.;2350.
M;8;AO;107.;590.;965.;2500.
M;8;AO;109.;578.;970.;2460.
M;8;UH;111.;467.;1110.;2400.
M;8;UH;105.;475.;1220.;2310.
M;8;UW;107.;270.;910.;2200.
M;8;UW;108.;260.;975.;2320.
M;8;ER;107.;460.;1400.;1790.
M;8;ER;103.;425.;1410.;1760.
M;9;IY;175.;316.;2200.;2800.
M;9;IY;175.;280.;2275.;2775.
M;9;IH;167.;450.;1820.;2475.
M;9;IH;167.;434.;1850.;2425.
M;9;EH;157.;582.;1725.;2375.
M;9;EH;158.;586.;1800.;2425.
M;9;AE;150.;600.;1750.;2375.
M;9;AE;145.;582.;1775.;2375.
M;9;AH;145.;626.;1125.;2200.
M;9;AH;160.;641.;1120.;2225.
M;9;AA;144.;708.;1054.;2420.
M;9;AA;150.;705.;1050.;2375.
M;9;AO;146.;614.;848.;2200.
M;9;AO;143.;600.;860.;2175.
M;9;UH;167.;500.;1000.;2325.
M;9;UH;167.;500.;1000.;2325.
M;9;UW;167.;334.;1150.;2200.
M;9;UW;183.;312.;1020.;2300.
M;9;ER;157.;518.;1305.;1570.
M;9;ER;157.;504.;1210.;1510.
M;10;IY;129.;260.;2260.;2820.
M;10;IY;125.;250.;2200.;2825.
M;10;IH;146.;400.;2040.;2500.
M;10;IH;144.;389.;2000.;2425.
M;10;EH;126.;500.;1870.;2500.
M;10;EH;125.;500.;1775.;2450.
M;10;AE;110.;660.;1650.;2500.
M;10;AE;120.;624.;1700.;2475.
M;10;AH;122.;650.;1220.;2550.
M;10;AH;120.;672.;1260.;2500.
M;10;AA;114.;750.;1080.;2680.
M;10;AA;114.;777.;1026.;2625.
M;10;AO;115.;580.;800.;2650.
M;10;AO;117.;585.;819.;2625.
M;10;UH;140.;480.;950.;2500.
M;10;UH;127.;461.;993.;2350.
M;10;UW;140.;280.;950.;2300.
M;10;UW;133.;266.;920.;2300.
M;10;ER;128.;500.;1340.;1700.
M;10;ER;133.;532.;1275.;1600.
M;11;IY;146.;248.;2225.;3100.
M;11;IY;140.;238.;2175.;3075.
M;11;IH;150.;405.;1925.;2550.
M;11;IH;138.;416.;1940.;2600.
M;11;EH;147.;588.;1790.;2500.
M;11;EH;133.;586.;1725.;2650.
M;11;AE;145.;725.;1700.;2425.
M;11;AE;127.;710.;1650.;2220.
M;11;AH;136.;586.;1078.;2300.
M;11;AH;136.;627.;1038.;2360.
M;11;AA;145.;725.;1046.;2325.
M;11;AA;131.;746.;1018.;2300.
M;11;AO;140.;560.;840.;2500.
M;11;AO;140.;560.;924.;2350.
M;11;UH;150.;495.;1080.;2275.
M;11;UH;143.;430.;1030.;2275.
M;11;UW;162.;290.;760.;2300.
M;11;UW;157.;315.;850.;2025.
M;11;ER;150.;511.;1561.;1876.
M;11;ER;138.;530.;1450.;1887.
M;12;IY;110.;220.;2410.;3000.
M;12;IY;125.;240.;2440.;3280.
M;12;IH;120.;450.;1880.;2450.
M;12;IH;118.;380.;1930.;2420.
M;12;EH;115.;560.;1650.;2300.
M;12;EH;123.;560.;1720.;2300.
M;12;AE;110.;680.;1720.;2330.
M;12;AE;133.;630.;1680.;2280.
M;12;AH;110.;560.;1430.;2250.
M;12;AH;120.;560.;1390.;2240.
M;12;AA;108.;800.;1330.;2260.
M;12;AA;110.;740.;1240.;2280.
M;12;AO;120.;600.;920.;2080.
M;12;AO;133.;580.;910.;2000.
M;12;UH;130.;400.;1200.;2210.
M;12;UH;110.;420.;1230.;2230.
M;12;UW;122.;300.;900.;2130.
M;12;UW;123.;260.;1010.;2240.
M;12;ER;125.;400.;1450.;1650.
M;12;ER;128.;360.;1410.;1640.
M;13;IY;142.;290.;2290.;2600.
M;13;IY;135.;260.;2290.;2700.
M;13;IH;132.;390.;1950.;2550.
M;13;IH;135.;400.;1900.;2450.
M;13;EH;124.;490.;1740.;2500.
M;13;EH;125.;500.;1780.;2430.
M;13;AE;125.;660.;1630.;2500.
M;13;AE;132.;670.;1630.;2380.
M;13;AH;140.;600.;1220.;2530.
M;13;AH;125.;600.;1210.;2430.
M;13;AA;125.;680.;1120.;2630.
M;13;AA;128.;670.;1100.;2700.
M;13;AO;127.;510.;720.;2450.
M;13;AO;120.;480.;710.;2540.
M;13;UH;133.;380.;910.;2350.
M;13;UH;140.;440.;1030.;2400.
M;13;UW;127.;350.;720.;2750.
M;13;UW;140.;380.;740.;2880.
M;13;ER;128.;430.;1370.;1610.
M;13;ER;135.;440.;1360.;1600.
M;14;IY;114.;228.;2350.;2860.
M;14;IY;118.;220.;2350.;2920.
M;14;IH;110.;407.;2070.;2500.
M;14;IH;112.;420.;1900.;2450.
M;14;EH;106.;445.;2020.;2420.
M;14;EH;115.;470.;2020.;2500.
M;14;AE;103.;721.;1680.;2400.
M;14;AE;109.;750.;1710.;2440.
M;14;AH;104.;552.;1122.;2500.
M;14;AH;115.;580.;1150.;2600.
M;14;AA;98.;686.;1078.;2570.
M;14;AA;103.;700.;1050.;2680.
M;14;AO;102.;560.;665.;2620.
M;14;AO;106.;550.;650.;2700.
M;14;UH;112.;448.;980.;2370.
M;14;UH;104.;410.;940.;2370.
M;14;UW;116.;232.;696.;2200.
M;14;UW;117.;222.;665.;2080.
M;14;ER;120.;432.;1300.;1400.
M;14;ER;111.;420.;1300.;1570.
M;15;IY;121.;230.;2100.;2850.
M;15;IY;118.;240.;2000.;2980.
M;15;IH;130.;365.;1900.;2340.
M;15;IH;119.;300.;2040.;2560.
M;15;EH;112.;440.;1980.;2310.
M;15;EH;120.;410.;2050.;2500.
M;15;AE;133.;620.;1710.;2110.
M;15;AE;124.;660.;1800.;2150.
M;15;AH;120.;660.;1000.;2380.
M;15;AH;110.;660.;960.;2450.
M;15;AA;122.;600.;830.;2250.
M;15;AA;119.;620.;820.;2400.
M;15;AO;117.;500.;620.;2250.
M;15;AO;106.;550.;700.;2550.
M;15;UH;140.;390.;730.;2180.
M;15;UH;130.;360.;740.;2200.
M;15;UW;131.;260.;720.;2100.
M;15;UW;132.;260.;740.;2040.
M;15;ER;125.;450.;1230.;1600.
M;15;ER;127.;460.;1300.;1650.
M;16;IY;150.;300.;2355.;3250.
M;16;IY;150.;300.;2460.;3280.
M;16;IH;160.;385.;2242.;2805.
M;16;IH;150.;407.;2250.;2780.
M;16;EH;140.;504.;2090.;2720.
M;16;EH;146.;543.;1980.;2640.
M;16;AE;133.;680.;1958.;2542.
M;16;AE;141.;708.;1840.;2535.
M;16;AH;150.;675.;1320.;2550.
M;16;AH;150.;704.;1393.;2550.
M;16;AA;137.;825.;1168.;2750.
M;16;AA;135.;840.;1210.;2680.
M;16;AO;143.;671.;1000.;2670.
M;16;AO;147.;690.;968.;2660.
M;16;UH;143.;443.;1273.;2430.
M;16;UH;153.;459.;1286.;2410.
M;16;UW;146.;395.;1300.;2160.
M;16;UW;153.;400.;1320.;2150.
M;16;ER;140.;532.;1500.;1890.
M;16;ER;146.;538.;1460.;1818.
M;17;IY;120.;264.;2290.;2700.
M;17;IY;128.;256.;2305.;2635.
M;17;IH;112.;380.;1880.;2440.
M;17;IH;115.;346.;1930.;2390.
M;17;EH;100.;510.;1780.;2300.
M;17;EH;108.;520.;1730.;2275.
M;17;AE;100.;630.;1770.;2350.
M;17;AE;105.;630.;1642.;2170.
M;17;AH;103.;601.;1273.;2130.
M;17;AH;105.;590.;1283.;2150.
M;17;AA;100.;750.;1150.;2440.
M;17;AA;95.;703.;1092.;2320.
M;17;AO;97.;565.;780.;2350.
M;17;AO;106.;584.;849.;2460.
M;17;UH;105.;420.;1100.;2140.
M;17;UH;111.;422.;1200.;2175.
M;17;UW;117.;315.;1080.;2260.
M;17;UW;125.;326.;1125.;2210.
M;17;ER;111.;444.;1300.;1625.
M;17;ER;109.;469.;1288.;1600.
M;18;IY;124.;210.;2100.;3090.
M;18;IY;130.;220.;2080.;3180.
M;18;IH;128.;280.;2000.;2710.
M;18;IH;130.;310.;1950.;2670.
M;18;EH;121.;470.;1910.;2580.
M;18;EH;129.;490.;1930.;2650.
M;18;AE;116.;640.;1620.;2200.
M;18;AE;118.;650.;1580.;2360.
M;18;AH;121.;610.;1100.;2230.
M;18;AH;126.;620.;1120.;2330.
M;18;AA;118.;700.;1100.;2240.
M;18;AA;120.;670.;1100.;2220.
M;18;AO;122.;460.;720.;2180.
M;18;AO;118.;470.;690.;2200.
M;18;UH;129.;320.;770.;1860.
M;18;UH;130.;310.;790.;1920.
M;18;UW;140.;210.;670.;1900.
M;18;UW;148.;240.;730.;1850.
M;18;ER;128.;390.;1320.;1550.
M;18;ER;124.;420.;1240.;1510.
M;19;IY;129.;190.;2650.;3280.
M;19;IY;135.;190.;2700.;3170.
M;19;IH;132.;370.;1750.;2700.
M;19;IH;130.;370.;1800.;2750.
M;19;EH;122.;370.;1680.;2560.
M;19;EH;125.;375.;1700.;2500.
M;19;AE;121.;550.;1570.;2600.
M;19;AE;120.;530.;1610.;2650.
M;19;AH;118.;570.;1050.;2500.
M;19;AH;125.;590.;1100.;2480.
M;19;AA;112.;640.;970.;2870.
M;19;AA;122.;670.;980.;2900.
M;19;AO;113.;560.;860.;2900.
M;19;AO;121.;570.;820.;2820.
M;19;UH;125.;350.;1000.;2500.
M;19;UH;130.;380.;920.;2370.
M;19;UW;130.;250.;1000.;2100.
M;19;UW;140.;210.;960.;1940.
M;19;ER;130.;360.;1300.;1920.
M;19;ER;133.;370.;1300.;1760.
M;20;IY;127.;250.;2180.;2660.
M;20;IY;131.;260.;2210.;2780.
M;20;IH;121.;400.;1900.;2440.
M;20;IH;122.;350.;1980.;2480.
M;20;EH;116.;560.;1670.;2310.
M;20;EH;124.;530.;1700.;2380.
M;20;AE;120.;680.;1470.;2280.
M;20;AE;119.;620.;1580.;2320.
M;20;AH;120.;620.;1100.;2390.
M;20;AH;125.;640.;1110.;2370.
M;20;AA;115.;630.;980.;2330.
M;20;AA;121.;670.;940.;2380.
M;20;AO;112.;560.;790.;2480.
M;20;AO;120.;610.;840.;2420.
M;20;UH;121.;360.;860.;2200.
M;20;UH;120.;400.;840.;2200.
M;20;UW;140.;280.;670.;2140.
M;20;UW;126.;250.;720.;2190.
M;20;ER;120.;480.;1410.;1760.
M;20;ER;121.;470.;1330.;1700.
M;21;IY;155.;280.;2400.;2910.
M;21;IY;150.;300.;2320.;2960.
M;21;IH;142.;410.;2060.;2680.
M;21;IH;150.;450.;2050.;2670.
M;21;EH;135.;540.;1900.;2530.
M;21;EH;135.;540.;1920.;2520.
M;21;AE;138.;620.;1800.;2440.
M;21;AE;140.;690.;1820.;2480.
M;21;AH;150.;630.;1200.;2600.
M;21;AH;140.;680.;1290.;2600.
M;21;AA;145.;740.;1110.;2500.
M;21;AA;143.;700.;1060.;2720.
M;21;AO;146.;600.;970.;2570.
M;21;AO;138.;650.;880.;2660.
M;21;UH;142.;430.;1130.;2440.
M;21;UH;143.;430.;1150.;2420.
M;21;UW;142.;280.;990.;2330.
M;21;UW;145.;290.;1000.;2300.
M;21;ER;150.;420.;1350.;1600.
M;21;ER;150.;450.;1350.;1600.
M;22;IY;135.;300.;2300.;2800.
M;22;IY;135.;350.;2240.;2760.
M;22;IH;136.;410.;2200.;2680.
M;22;IH;138.;440.;2080.;2520.
M;22;EH;133.;580.;1870.;2320.
M;22;EH;127.;520.;1900.;2400.
M;22;AE;130.;760.;1920.;2480.
M;22;AE;132.;670.;1850.;2560.
M;22;AH;139.;810.;1110.;2100.
M;22;AH;131.;770.;1150.;2100.
M;22;AA;141.;700.;1040.;2120.
M;22;AA;125.;750.;1160.;2080.
M;22;AO;133.;670.;920.;2240.
M;22;AO;142.;570.;850.;2250.
M;22;UH;140.;550.;970.;2200.
M;22;UH;141.;490.;870.;2240.
M;22;UW;150.;300.;600.;2300.
M;22;UW;148.;230.;570.;2100.
M;22;ER;140.;560.;1520.;2100.
M;22;ER;140.;540.;1570.;2050.
M;23;IY;125.;240.;2100.;2900.
M;23;IY;119.;240.;2150.;2860.
M;23;IH;130.;380.;1870.;2450.
M;23;IH;120.;430.;1710.;2350.
M;23;EH;119.;580.;1770.;2500.
M;23;EH;117.;570.;1750.;2400.
M;23;AE;115.;760.;1580.;2440.
M;23;AE;110.;715.;1500.;2300.
M;23;AH;124.;620.;880.;2500.
M;23;AH;124.;650.;1000.;2520.
M;23;AA;119.;710.;950.;2520.
M;23;AA;120.;690.;960.;2520.
M;23;AO;125.;460.;610.;2500.
M;23;AO;120.;470.;710.;2500.
M;23;UH;125.;390.;900.;2100.
M;23;UH;125.;460.;920.;2140.
M;23;UW;125.;250.;690.;2080.
M;23;UW;130.;270.;650.;2050.
M;23;ER;122.;540.;1280.;1720.
M;23;ER;118.;510.;1280.;1650.
M;24;IY;148.;280.;2450.;2700.
M;24;IY;160.;288.;2500.;2880.
M;24;IH;160.;400.;2080.;2530.
M;24;IH;153.;384.;2110.;2500.
M;24;EH;138.;590.;1900.;2200.
M;24;EH;153.;583.;1840.;2250.
M;24;AE;145.;680.;1850.;2400.
M;24;AE;140.;685.;1780.;2160.
M;24;AH;143.;660.;1370.;2110.
M;24;AH;145.;680.;1300.;2100.
M;24;AA;140.;760.;1260.;2120.
M;24;AA;135.;770.;1140.;2020.
M;24;AO;145.;500.;800.;1850.
M;24;AO;132.;600.;1000.;2000.
M;24;UH;157.;380.;1060.;1950.
M;24;UH;150.;470.;1220.;2150.
M;24;UW;162.;324.;800.;2220.
M;24;UW;139.;290.;800.;2150.
M;24;ER;150.;560.;1350.;1780.
M;24;ER;150.;600.;1470.;1820.
M;25;IY;110.;250.;2190.;3000.
M;25;IY;106.;254.;2085.;2890.
M;25;IH;111.;330.;1967.;2670.
M;25;IH;108.;430.;1940.;2590.
M;25;EH;116.;464.;2100.;2700.
M;25;EH;105.;504.;1995.;2780.
M;25;AE;94.;595.;1900.;2700.
M;25;AE;100.;670.;1860.;2500.
M;25;AH;96.;620.;1200.;2420.
M;25;AH;105.;630.;1127.;2420.
M;25;AA;100.;750.;1160.;2360.
M;25;AA;96.;740.;1155.;2330.
M;25;AO;101.;460.;740.;2300.
M;25;AO;105.;494.;789.;2420.
M;25;UH;113.;400.;1020.;2200.
M;25;UH;128.;450.;1028.;2160.
M;25;UW;140.;392.;1000.;2120.
M;25;UW;116.;350.;898.;2140.
M;25;ER;117.;547.;1340.;1688.
M;25;ER;128.;512.;1280.;1570.
M;26;IY;123.;246.;2185.;2730.
M;26;IY;133.;267.;2280.;2800.
M;26;IH;140.;420.;2300.;2800.
M;26;IH;120.;384.;2110.;2620.
M;26;EH;120.;480.;1920.;2540.
M;26;EH;112.;551.;1788.;2450.
M;26;AE;114.;628.;1837.;2570.
M;26;AE;111.;622.;1890.;2560.
M;26;AH;114.;628.;1254.;2470.
M;26;AH;114.;617.;1255.;2480.
M;26;AA;117.;690.;1072.;2660.
M;26;AA;103.;630.;1000.;2530.
M;26;AO;117.;510.;700.;2650.
M;26;AO;120.;504.;756.;2540.
M;26;UH;122.;465.;990.;2440.
M;26;UH;125.;462.;976.;2450.
M;26;UW;120.;324.;708.;2440.
M;26;UW;157.;387.;786.;2518.
M;26;ER;122.;488.;1468.;1712.
M;26;ER;118.;472.;1465.;1725.
M;27;IY;138.;275.;2060.;2800.
M;27;IY;136.;270.;2020.;2790.
M;27;IH;133.;349.;2030.;2760.
M;27;IH;136.;340.;1940.;2560.
M;27;EH;120.;444.;1800.;2500.
M;27;EH;127.;380.;1800.;2440.
M;27;AE;125.;688.;1600.;2300.
M;27;AE;122.;660.;1570.;2380.
M;27;AH;128.;565.;1157.;2310.
M;27;AH;130.;550.;1150.;2250.
M;27;AA;125.;712.;1024.;2250.
M;27;AA;125.;670.;1080.;2300.
M;27;AO;125.;550.;913.;2360.
M;27;AO;126.;550.;890.;2280.
M;27;UH;128.;360.;1028.;2160.
M;27;UH;140.;390.;1060.;2150.
M;27;UW;133.;294.;930.;2050.
M;27;UW;140.;280.;1000.;2160.
M;27;ER;125.;440.;1250.;1625.
M;27;ER;130.;480.;1160.;1520.
M;28;IY;125.;320.;2160.;2900.
M;28;IY;133.;267.;2230.;3000.
M;28;IH;115.;440.;1750.;2400.
M;28;IH;116.;390.;1780.;2450.
M;28;EH;117.;525.;1800.;2480.
M;28;EH;110.;520.;1750.;2390.
M;28;AE;111.;660.;1600.;2400.
M;28;AE;120.;720.;1680.;2430.
M;28;AH;117.;600.;1250.;2300.
M;28;AH;125.;575.;1170.;2240.
M;28;AA;111.;730.;1160.;2340.
M;28;AA;117.;860.;1280.;2470.
M;28;AO;114.;560.;810.;2290.
M;28;AO;116.;584.;840.;2280.
M;28;UH;130.;455.;970.;2140.
M;28;UH;120.;456.;1040.;2038.
M;28;UW;125.;350.;820.;2130.
M;28;UW;128.;366.;772.;2058.
M;28;ER;111.;450.;1420.;1870.
M;28;ER;118.;472.;1430.;1840.
M;29;IY;133.;333.;2305.;3200.
M;29;IY;131.;326.;2260.;3030.
M;29;IH;125.;375.;2188.;2750.
M;29;IH;133.;400.;2150.;2680.
M;29;EH;125.;500.;1980.;2480.
M;29;EH;150.;480.;1950.;2340.
M;29;AE;116.;640.;1710.;2450.
M;29;AE;123.;615.;1720.;2220.
M;29;AH;116.;583.;1110.;2360.
M;29;AH;117.;608.;1120.;2700.
M;29;AA;111.;777.;1170.;2600.
M;29;AA;114.;750.;1175.;2820.
M;29;AO;105.;630.;891.;2519.
M;29;AO;114.;572.;924.;2660.
M;29;UH;125.;438.;975.;2300.
M;29;UH;140.;420.;938.;2300.
M;29;UW;133.;333.;800.;2130.
M;29;UW;140.;320.;840.;2150.
M;29;ER;120.;480.;1320.;1870.
M;29;ER;127.;483.;1335.;1844.
M;30;IY;166.;267.;2300.;2940.
M;30;IY;156.;220.;2300.;2900.
M;30;IH;154.;431.;2040.;2460.
M;30;IH;155.;360.;2010.;2400.
M;30;EH;150.;565.;1950.;2500.
M;30;EH;180.;540.;2000.;2450.
M;30;AE;143.;600.;2000.;2570.
M;30;AE;138.;590.;1950.;2460.
M;30;AH;157.;630.;1140.;2200.
M;30;AH;186.;630.;1170.;2280.
M;30;AA;146.;730.;1048.;2450.
M;30;AA;155.;730.;1130.;2320.
M;30;AO;150.;600.;900.;2400.
M;30;AO;178.;640.;890.;2280.
M;30;UH;160.;448.;960.;2200.
M;30;UH;196.;450.;1000.;2180.
M;30;UW;167.;333.;835.;2170.
M;30;UW;198.;280.;750.;2170.
M;30;ER;163.;488.;1300.;1600.
M;30;ER;163.;490.;1380.;1620.
M;31;IY;120.;312.;2380.;2900.
M;31;IY;120.;300.;2350.;3000.
M;31;IH;140.;490.;2000.;2620.
M;31;IH;140.;490.;1960.;2600.
M;31;EH;125.;640.;2000.;2620.
M;31;EH;111.;555.;1870.;2540.
M;31;AE;112.;697.;1610.;2540.
M;31;AE;114.;684.;1634.;2510.
M;31;AH;115.;633.;1260.;2530.
M;31;AH;120.;660.;1213.;2460.
M;31;AA;112.;730.;1203.;2700.
M;31;AA;107.;752.;1125.;2620.
M;31;AO;108.;507.;755.;2420.
M;31;AO;116.;538.;816.;2450.
M;31;UH;114.;456.;1040.;2300.
M;31;UH;120.;480.;1120.;2160.
M;31;UW;123.;344.;960.;2150.
M;31;UW;125.;350.;1000.;2250.
M;31;ER;112.;539.;1370.;1800.
M;31;ER;117.;549.;1353.;1728.
M;32;IY;146.;292.;2500.;3150.
M;32;IY;133.;266.;2370.;3100.
M;32;IH;143.;372.;2220.;2640.
M;32;IH;131.;350.;2130.;2610.
M;32;EH;133.;574.;1840.;2260.
M;32;EH;133.;563.;1960.;2450.
M;32;AE;125.;650.;1738.;2400.
M;32;AE;130.;663.;1820.;2400.
M;32;AH;137.;600.;1370.;2180.
M;32;AH;125.;625.;1312.;2250.
M;32;AA;133.;735.;1070.;2100.
M;32;AA;117.;713.;1180.;2200.
M;32;AO;125.;625.;875.;2180.
M;32;AO;115.;700.;1000.;2250.
M;32;UH;150.;420.;1100.;2000.
M;32;UH;140.;420.;1120.;2100.
M;32;UW;125.;350.;980.;2200.
M;32;UW;133.;320.;918.;2100.
M;32;ER;143.;554.;1480.;1800.
M;32;ER;128.;484.;1505.;1890.
M;33;IY;143.;286.;2415.;2860.
M;33;IY;150.;300.;2415.;2860.
M;33;IH;140.;400.;1980.;2500.
M;33;IH;145.;407.;2095.;2620.
M;33;EH;125.;525.;1988.;2610.
M;33;EH;144.;553.;1935.;2530.
M;33;AE;133.;640.;1773.;2490.
M;33;AE;133.;640.;1840.;2560.
M;33;AH;143.;672.;1272.;2640.
M;33;AH;146.;658.;1241.;2560.
M;33;AA;130.;780.;1170.;2640.
M;33;AA;131.;788.;1115.;2645.
M;33;AO;138.;633.;891.;2500.
M;33;AO;150.;600.;935.;2550.
M;33;UH;175.;490.;1102.;2420.
M;33;UH;154.;492.;1077.;2306.
M;33;UW;160.;320.;960.;2240.
M;33;UW;160.;320.;960.;2290.
M;33;ER;143.;543.;1310.;1643.
M;33;ER;145.;508.;1309.;1600.
W;34;IY;230.;370.;2670.;3100.
W;34;IY;234.;390.;2760.;3060.
W;34;IH;234.;468.;2330.;2930.
W;34;IH;205.;410.;2380.;2950.
W;34;EH;190.;550.;2200.;2880.
W;34;EH;191.;570.;2100.;3040.
W;34;AE;200.;800.;1980.;2810.
W;34;AE;192.;860.;1920.;2850.
W;34;AH;227.;635.;1200.;3250.
W;34;AH;200.;700.;1200.;3100.
W;34;AA;210.;880.;1240.;2870.
W;34;AA;188.;830.;1200.;2880.
W;34;AO;207.;570.;830.;3300.
W;34;AO;200.;700.;1000.;3130.
W;34;UH;240.;410.;940.;3040.
W;34;UH;225.;450.;970.;3190.
W;34;UW;238.;480.;955.;2960.
W;34;UW;208.;395.;810.;2900.
W;34;ER;200.;500.;1850.;2100.
W;34;ER;200.;560.;1750.;2100.
W;35;IY;225.;270.;2760.;3550.
W;35;IY;240.;290.;2700.;3350.
W;35;IH;245.;460.;2500.;3220.
W;35;IH;220.;410.;2400.;3240.
W;35;EH;220.;620.;2300.;3200.
W;35;EH;210.;630.;2300.;3170.
W;35;AE;220.;820.;2180.;2850.
W;35;AE;195.;740.;2120.;3070.
W;35;AH;240.;800.;1300.;2900.
W;35;AH;225.;760.;1400.;2830.
W;35;AA;214.;850.;1120.;2620.
W;35;AA;190.;880.;1220.;2850.
W;35;AO;228.;460.;900.;2830.
W;35;AO;222.;440.;880.;2850.
W;35;UH;250.;500.;1040.;2750.
W;35;UH;245.;490.;1000.;2720.
W;35;UW;250.;400.;940.;2720.
W;35;UW;245.;410.;860.;2700.
W;35;ER;225.;440.;1560.;1750.
W;35;ER;210.;420.;1600.;1750.
W;36;IY;210.;290.;2700.;3020.
W;36;IY;215.;280.;2630.;3240.
W;36;IH;211.;420.;2300.;2950.
W;36;IH;211.;420.;2220.;2980.
W;36;EH;207.;640.;2120.;2900.
W;36;EH;221.;700.;2000.;2900.
W;36;AE;212.;1000.;1830.;2820.
W;36;AE;204.;980.;1800.;2820.
W;36;AH;205.;780.;1410.;2720.
W;36;AH;208.;710.;1450.;2750.
W;36;AA;205.;950.;1280.;2600.
W;36;AA;210.;870.;1260.;2740.
W;36;AO;203.;610.;900.;2710.
W;36;AO;210.;630.;840.;2700.
W;36;UH;211.;440.;1050.;2780.
W;36;UH;210.;420.;1050.;2740.
W;36;UW;222.;380.;860.;2500.
W;36;UW;208.;330.;750.;2740.
W;36;ER;208.;580.;1450.;1720.
W;36;ER;212.;540.;1560.;1900.
W;37;IY;210.;294.;2800.;3100.
W;37;IY;222.;270.;2880.;3160.
W;37;IH;202.;420.;2430.;3030.
W;37;IH;212.;420.;2370.;2930.
W;37;EH;200.;580.;2180.;2770.
W;37;EH;217.;540.;2160.;2770.
W;37;AE;200.;820.;1970.;2620.
W;37;AE;210.;840.;2000.;2700.
W;37;AH;208.;690.;1200.;2900.
W;37;AH;201.;666.;1206.;2900.
W;37;AA;200.;800.;1200.;2920.
W;37;AA;190.;760.;1140.;2850.
W;37;AO;200.;560.;760.;2800.
W;37;AO;207.;560.;770.;3000.
W;37;UH;215.;430.;1075.;2580.
W;37;UH;213.;430.;1000.;2700.
W;37;UW;220.;330.;840.;2550.
W;37;UW;213.;280.;850.;2500.
W;37;ER;205.;430.;1800.;1930.
W;37;ER;200.;420.;1740.;1960.
W;38;IY;175.;350.;2800.;3160.
W;38;IY;187.;338.;2870.;3300.
W;38;IH;200.;400.;2540.;3200.
W;38;IH;210.;420.;2680.;3000.
W;38;EH;180.;518.;2470.;3200.
W;38;EH;200.;600.;2400.;3150.
W;38;AE;171.;773.;2000.;2870.
W;38;AE;175.;875.;2100.;2970.
W;38;AH;183.;733.;1468.;2700.
W;38;AH;200.;740.;1280.;2900.
W;38;AA;178.;730.;1210.;2740.
W;38;AA;175.;735.;1220.;2850.
W;38;AO;160.;560.;960.;2850.
W;38;AO;192.;536.;850.;2850.
W;38;UH;212.;424.;1040.;2780.
W;38;UH;200.;520.;1060.;2670.
W;38;UW;190.;380.;770.;2900.
W;38;UW;187.;340.;750.;2780.
W;38;ER;177.;490.;2120.;2480.
W;38;ER;197.;493.;1930.;2300.
W;39;IY;250.;325.;2700.;3100.
W;39;IY;225.;310.;2750.;3225.
W;39;IH;214.;350.;2580.;3000.
W;39;IH;267.;390.;2700.;3200.
W;39;EH;233.;560.;2330.;2800.
W;39;EH;200.;520.;2500.;3000.
W;39;AE;171.;806.;1970.;2600.
W;39;AE;150.;825.;1860.;2550.
W;39;AH;186.;708.;1485.;2760.
W;39;AH;188.;676.;1500.;2590.
W;39;AA;200.;800.;1200.;2800.
W;39;AA;205.;714.;1154.;2850.
W;39;AO;267.;530.;800.;2780.
W;39;AO;180.;485.;810.;2750.
W;39;UH;214.;450.;1460.;2550.
W;39;UH;233.;467.;1400.;2450.
W;39;UW;225.;450.;1080.;2350.
W;39;UW;200.;400.;1000.;2400.
W;39;ER;193.;524.;1700.;2130.
W;39;ER;180.;507.;1800.;2380.
W;40;IY;200.;300.;3100.;3400.
W;40;IY;216.;300.;3100.;3500.
W;40;IH;214.;428.;2570.;3000.
W;40;IH;220.;440.;2640.;3080.
W;40;EH;210.;528.;2540.;3170.
W;40;EH;210.;504.;2520.;3200.
W;40;AE;187.;940.;2250.;2760.
W;40;AE;200.;820.;2200.;2920.
W;40;AH;204.;816.;1450.;2700.
W;40;AH;214.;858.;1500.;2700.
W;40;AA;200.;960.;1280.;3000.
W;40;AA;180.;1040.;1300.;3000.
W;40;AO;220.;520.;880.;2500.
W;40;AO;217.;574.;890.;2510.
W;40;UH;233.;466.;1330.;2750.
W;40;UH;233.;466.;1165.;2800.
W;40;UW;180.;300.;850.;2800.
W;40;UW;175.;350.;840.;2750.
W;40;ER;216.;432.;1790.;2060.
W;40;ER;219.;360.;1900.;2320.
W;41;IY;225.;337.;2700.;3300.
W;41;IY;233.;340.;2720.;3200.
W;41;IH;237.;474.;2370.;3095.
W;41;IH;237.;475.;2400.;3090.
W;41;EH;229.;526.;2360.;3090.
W;41;EH;233.;580.;2360.;3150.
W;41;AE;230.;690.;2185.;2990.
W;41;AE;220.;660.;2200.;3020.
W;41;AH;225.;675.;1551.;2923.
W;41;AH;233.;690.;1630.;2900.
W;41;AA;222.;845.;1334.;2890.
W;41;AA;233.;888.;1290.;2800.
W;41;AO;225.;631.;923.;2250.
W;41;AO;233.;543.;980.;2300.
W;41;UH;233.;537.;1360.;2920.
W;41;UH;240.;480.;1345.;2680.
W;41;UW;235.;400.;1180.;2760.
W;41;UW;233.;396.;1120.;2560.
W;41;ER;225.;450.;1640.;2250.
W;41;ER;233.;489.;1630.;2090.
W;42;IY;225.;225.;2760.;3900.
W;42;IY;230.;230.;2850.;3800.
W;42;IH;238.;429.;2560.;3200.
W;42;IH;230.;430.;2575.;3100.
W;42;EH;214.;579.;2570.;3300.
W;42;EH;214.;536.;2570.;3100.
W;42;AE;205.;823.;2220.;2870.
W;42;AE;200.;800.;2100.;2900.
W;42;AH;250.;750.;1500.;2750.
W;42;AH;217.;738.;1300.;2820.
W;42;AA;200.;840.;1300.;3100.
W;42;AA;206.;990.;1340.;3100.
W;42;AO;214.;579.;856.;2790.
W;42;AO;205.;545.;905.;2750.
W;42;UH;233.;490.;1220.;2610.
W;42;UH;250.;513.;1500.;2650.
W;42;UW;250.;400.;1250.;2500.
W;42;UW;225.;405.;1080.;2500.
W;42;ER;233.;466.;1860.;2260.
W;42;ER;225.;540.;1780.;2220.
W;43;IY;240.;290.;3000.;3840.
W;43;IY;250.;325.;2900.;3500.
W;43;IH;250.;500.;2370.;3120.
W;43;IH;238.;476.;2380.;3090.
W;43;EH;238.;760.;2380.;3205.
W;43;EH;233.;746.;2290.;3030.
W;43;AE;206.;1008.;1990.;2870.
W;43;AE;200.;1040.;2000.;2800.
W;43;AH;220.;830.;1540.;2860.
W;43;AH;237.;900.;1510.;2840.
W;43;AA;206.;970.;1343.;3018.
W;43;AA;236.;592.;1230.;2600.
W;43;AO;233.;650.;900.;2920.
W;43;AO;229.;687.;1060.;2780.
W;43;UH;233.;512.;1211.;2630.
W;43;UH;233.;467.;1167.;2595.
W;43;UW;250.;450.;875.;2750.
W;43;UW;233.;420.;935.;2710.
W;43;ER;230.;622.;1750.;2070.
W;43;ER;225.;652.;1710.;2043.
W;44;IY;255.;275.;2800.;3310.
W;44;IY;245.;245.;2800.;3300.
W;44;IH;267.;534.;2500.;3250.
W;44;IH;264.;528.;2640.;3370.
W;44;EH;238.;700.;2380.;3250.
W;44;EH;250.;750.;2480.;3000.
W;44;AE;237.;1020.;1900.;2960.
W;44;AE;233.;1005.;2050.;2870.
W;44;AH;263.;750.;1500.;2850.
W;44;AH;250.;850.;1400.;2750.
W;44;AA;258.;978.;1290.;2840.
W;44;AA;246.;935.;1230.;2730.
W;44;AO;250.;500.;750.;2750.
W;44;AO;243.;632.;850.;2850.
W;44;UH;250.;350.;1170.;2750.
W;44;UH;266.;450.;1000.;2800.
W;44;UW;256.;358.;640.;2560.
W;44;UW;250.;300.;750.;2500.
W;44;ER;260.;520.;1560.;1820.
W;44;ER;250.;500.;1500.;1750.
W;45;IY;236.;236.;2790.;3760.
W;45;IY;242.;242.;2770.;3800.
W;45;IH;222.;444.;2555.;3110.
W;45;IH;242.;420.;2700.;3120.
W;45;EH;226.;634.;2325.;2940.
W;45;EH;225.;608.;2475.;3100.
W;45;AE;210.;1010.;2060.;2900.
W;45;AE;200.;980.;2160.;2920.
W;45;AH;217.;818.;1450.;2500.
W;45;AH;200.;750.;1280.;2650.
W;45;AA;220.;820.;1200.;2640.
W;45;AA;210.;900.;1120.;2900.
W;45;AO;220.;440.;749.;2640.
W;45;AO;210.;567.;752.;2600.
W;45;UH;204.;460.;1045.;2504.
W;45;UH;240.;480.;1105.;2400.
W;45;UW;250.;420.;1000.;2500.
W;45;UW;275.;350.;1100.;2400.
W;45;ER;217.;487.;1500.;1780.
W;45;ER;206.;467.;1420.;1640.
W;46;IY;225.;360.;2920.;3400.
W;46;IY;233.;340.;2840.;3300.
W;46;IH;257.;514.;2570.;3070.
W;46;IH;238.;500.;2680.;3260.
W;46;EH;238.;650.;2495.;3090.
W;46;EH;216.;650.;2380.;3030.
W;46;AE;225.;1020.;2030.;2700.
W;46;AE;225.;1000.;2200.;2770.
W;46;AH;225.;788.;1462.;2920.
W;46;AH;217.;736.;1500.;2900.
W;46;AA;214.;987.;1330.;2830.
W;46;AA;214.;1009.;1415.;3080.
W;46;AO;226.;672.;1084.;2495.
W;46;AO;209.;627.;1045.;2504.
W;46;UH;250.;500.;1200.;2450.
W;46;UH;230.;460.;1150.;2880.
W;46;UW;267.;420.;990.;2860.
W;46;UW;190.;380.;893.;2920.
W;46;ER;246.;610.;1630.;2020.
W;46;ER;225.;585.;1700.;1850.
W;47;IY;285.;285.;2900.;3500.
W;47;IY;286.;310.;2900.;3400.
W;47;IH;297.;480.;2670.;3260.
W;47;IH;220.;440.;2620.;3380.
W;47;EH;173.;550.;2370.;3140.
W;47;EH;260.;520.;2340.;3040.
W;47;AE;167.;790.;2180.;3020.
W;47;AE;280.;840.;2160.;3020.
W;47;AH;280.;840.;1400.;2750.
W;47;AH;270.;760.;1330.;2950.
W;47;AA;252.;900.;1290.;2750.
W;47;AA;260.;900.;1240.;3110.
W;47;AO;175.;700.;1050.;2750.
W;47;AO;190.;720.;1080.;3030.
W;47;UH;286.;540.;1200.;2860.
W;47;UH;205.;570.;1200.;2970.
W;47;UW;328.;400.;980.;2630.
W;47;UW;290.;440.;990.;2900.
W;47;ER;286.;570.;2000.;2480.
W;47;ER;260.;510.;1850.;2350.
W;48;IY;170.;340.;2750.;3120.
W;48;IY;238.;360.;2760.;3120.
W;48;IH;167.;480.;2390.;2950.
W;48;IH;194.;520.;2450.;3000.
W;48;EH;220.;620.;2520.;2920.
W;48;EH;222.;620.;2440.;2880.
W;48;AE;222.;1110.;2160.;2700.
W;48;AE;214.;1070.;1960.;2750.
W;48;AH;217.;820.;1240.;2600.
W;48;AH;216.;860.;1300.;2670.
W;48;AA;150.;840.;1110.;2930.
W;48;AA;170.;850.;1120.;2850.
W;48;AO;200.;500.;700.;2930.
W;48;AO;212.;380.;720.;2700.
W;48;UH;235.;400.;940.;2820.
W;48;UH;214.;380.;860.;2680.
W;48;UW;196.;330.;760.;2870.
W;48;UW;188.;350.;710.;2760.
W;48;ER;182.;550.;1780.;2080.
W;48;ER;201.;600.;1750.;2000.
W;49;IY;200.;320.;2360.;2980.
W;49;IY;203.;304.;2380.;3050.
W;49;IH;211.;444.;2220.;2740.
W;49;IH;210.;420.;2090.;2780.
W;49;EH;200.;500.;2350.;2830.
W;49;EH;200.;600.;2200.;2700.
W;49;AE;192.;845.;1700.;2300.
W;49;AE;187.;860.;1724.;2530.
W;49;AH;200.;720.;1440.;2380.
W;49;AH;191.;707.;1470.;2440.
W;49;AA;200.;700.;1080.;2420.
W;49;AA;192.;767.;1150.;2590.
W;49;AO;200.;600.;860.;2410.
W;49;AO;200.;600.;900.;2400.
W;49;UH;210.;546.;1090.;2400.
W;49;UH;210.;462.;1240.;2310.
W;49;UW;257.;360.;930.;2260.
W;49;UW;220.;440.;1100.;2300.
W;49;ER;200.;540.;1400.;1800.
W;49;ER;204.;460.;1350.;1560.
W;50;IY;203.;406.;2600.;2945.
W;50;IY;200.;400.;2600.;3100.
W;50;IH;200.;460.;2300.;2800.
W;50;IH;210.;420.;2305.;2835.
W;50;EH;190.;570.;2100.;2720.
W;50;EH;207.;538.;2175.;2880.
W;50;AE;189.;850.;1853.;2685.
W;50;AE;193.;830.;1800.;2620.
W;50;AH;200.;720.;1500.;2560.
W;50;AH;200.;800.;1400.;2420.
W;50;AA;194.;915.;1280.;2530.
W;50;AA;206.;723.;1196.;2600.
W;50;AO;192.;575.;1073.;2490.
W;50;AO;200.;600.;1100.;2600.
W;50;UH;202.;520.;1210.;2420.
W;50;UH;212.;468.;1275.;2550.
W;50;UW;207.;370.;1000.;2470.
W;50;UW;205.;330.;970.;2460.
W;50;ER;200.;560.;1600.;1900.
W;50;ER;206.;514.;1540.;1955.
W;51;IY;240.;380.;2880.;3360.
W;51;IY;250.;380.;2820.;3300.
W;51;IH;233.;514.;2600.;2930.
W;51;IH;237.;473.;2660.;2970.
W;51;EH;223.;567.;2460.;3122.
W;51;EH;224.;521.;2460.;2920.
W;51;AE;218.;808.;2070.;2880.
W;51;AE;203.;678.;2420.;3080.
W;51;AH;200.;800.;1340.;2700.
W;51;AH;214.;772.;1280.;2660.
W;51;AA;183.;843.;1190.;2860.
W;51;AA;205.;740.;1160.;2780.
W;51;AO;222.;623.;1022.;2700.
W;51;AO;220.;594.;990.;2640.
W;51;UH;240.;480.;960.;2820.
W;51;UH;242.;484.;900.;2640.
W;51;UW;233.;370.;933.;2520.
W;51;UW;250.;325.;750.;2500.
W;51;ER;225.;450.;1680.;2050.
W;51;ER;233.;466.;1630.;1865.
W;52;IY;200.;320.;2750.;3100.
W;52;IY;178.;356.;2755.;3200.
W;52;IH;194.;388.;2622.;3050.
W;52;IH;194.;426.;2460.;3040.
W;52;EH;187.;592.;2242.;2765.
W;52;EH;191.;535.;2290.;2870.
W;52;AE;188.;750.;2060.;2770.
W;52;AE;162.;650.;2110.;2618.
W;52;AH;187.;618.;1518.;2700.
W;52;AH;183.;624.;1430.;2660.
W;52;AA;163.;766.;1180.;2340.
W;52;AA;167.;750.;1065.;2640.
W;52;AO;170.;595.;918.;2600.
W;52;AO;176.;630.;985.;2630.
W;52;UH;200.;420.;1200.;2600.
W;52;UH;200.;460.;1260.;2640.
W;52;UW;187.;375.;1124.;2685.
W;52;UW;188.;375.;1143.;2700.
W;52;ER;180.;504.;1565.;1835.
W;52;ER;183.;513.;1578.;1830.
W;53;IY;280.;357.;2800.;3360.
W;53;IY;275.;340.;2860.;3350.
W;53;IH;290.;480.;2600.;3060.
W;53;IH;292.;465.;2598.;3060.
W;53;EH;250.;700.;2350.;2980.
W;53;EH;240.;737.;2325.;3100.
W;53;AE;200.;960.;2100.;3000.
W;53;AE;217.;1030.;2200.;3260.
W;53;AH;275.;920.;1512.;2950.
W;53;AH;260.;910.;1688.;3050.
W;53;AA;275.;990.;1237.;2360.
W;53;AA;267.;987.;1172.;3180.
W;53;AO;267.;587.;1068.;3270.
W;53;AO;293.;560.;990.;3150.
W;53;UH;275.;520.;1350.;3190.
W;53;UH;280.;510.;1415.;3130.
W;53;UW;300.;420.;1045.;3060.
W;53;UW;300.;390.;960.;3030.
W;53;ER;230.;460.;1860.;2250.
W;53;ER;214.;504.;1820.;2290.
W;54;IY;200.;240.;2760.;3700.
W;54;IY;220.;220.;2850.;3800.
W;54;IH;228.;319.;2500.;3020.
W;54;IH;216.;324.;2500.;3010.
W;54;EH;220.;616.;2380.;2900.
W;54;EH;212.;615.;2300.;2800.
W;54;AE;212.;710.;2120.;2600.
W;54;AE;210.;690.;2250.;2680.
W;54;AH;221.;800.;1520.;2380.
W;54;AH;210.;780.;1470.;2400.
W;54;AA;199.;995.;1392.;2290.
W;54;AA;200.;1000.;1400.;2440.
W;54;AO;205.;656.;944.;2250.
W;54;AO;200.;720.;960.;2380.
W;54;UH;223.;335.;1049.;2470.
W;54;UH;210.;420.;1009.;2300.
W;54;UW;219.;329.;877.;2550.
W;54;UW;230.;340.;900.;2530.
W;54;ER;206.;400.;1380.;1560.
W;54;ER;201.;400.;1240.;1480.
W;55;IY;220.;286.;2800.;3550.
W;55;IY;241.;289.;2800.;3400.
W;55;IH;225.;383.;2420.;3080.
W;55;IH;240.;384.;2400.;3050.
W;55;EH;209.;418.;2430.;3110.
W;55;EH;230.;460.;2300.;3050.
W;55;AE;187.;861.;2100.;2800.
W;55;AE;224.;896.;2040.;3000.
W;55;AH;218.;654.;1160.;2800.
W;55;AH;230.;690.;1195.;2770.
W;55;AA;208.;860.;1103.;2700.
W;55;AA;212.;806.;1060.;2850.
W;55;AO;202.;606.;910.;2900.
W;55;AO;201.;583.;860.;2840.
W;55;UH;225.;340.;900.;2650.
W;55;UH;235.;470.;1100.;2560.
W;55;UW;205.;308.;1025.;2650.
W;55;UW;235.;329.;1151.;2560.
W;55;ER;213.;533.;1425.;1830.
W;55;ER;214.;535.;1412.;1800.
W;56;IY;236.;307.;2670.;3150.
W;56;IY;245.;340.;2700.;3250.
W;56;IH;231.;417.;2300.;3000.
W;56;IH;239.;410.;2200.;2910.
W;56;EH;222.;644.;2250.;3000.
W;56;EH;224.;670.;2300.;2880.
W;56;AE;224.;784.;1800.;2750.
W;56;AE;234.;820.;1750.;2890.
W;56;AH;225.;765.;1300.;2700.
W;56;AH;221.;730.;1390.;2790.
W;56;AA;225.;834.;1282.;2800.
W;56;AA;212.;850.;1270.;2760.
W;56;AO;229.;688.;1029.;2750.
W;56;AO;222.;670.;1040.;2640.
W;56;UH;251.;427.;1506.;2640.
W;56;UH;240.;460.;1370.;2610.
W;56;UW;236.;378.;1416.;2580.
W;56;UW;239.;380.;1430.;2610.
W;56;ER;230.;460.;1200.;1909.
W;56;ER;225.;410.;1580.;1800.
W;57;IY;256.;384.;2860.;3210.
W;57;IY;250.;375.;3000.;3400.
W;57;IH;230.;460.;2665.;3140.
W;57;IH;233.;467.;2680.;3150.
W;57;EH;229.;640.;2400.;2860.
W;57;EH;233.;630.;2530.;3030.
W;57;AE;233.;700.;2560.;3150.
W;57;AE;225.;675.;2510.;3145.
W;57;AH;240.;768.;1440.;2855.
W;57;AH;234.;794.;1447.;2920.
W;57;AA;227.;978.;1362.;2724.
W;57;AA;233.;933.;1350.;2610.
W;57;AO;240.;700.;1080.;2810.
W;57;AO;240.;720.;1090.;2840.
W;57;UH;243.;500.;1215.;2870.
W;57;UH;239.;500.;1240.;2860.
W;57;UW;263.;470.;1000.;2820.
W;57;UW;272.;378.;950.;2990.
W;57;ER;243.;480.;1410.;1700.
W;57;ER;243.;493.;1580.;1775.
W;58;IY;268.;320.;2900.;3200.
W;58;IY;263.;290.;2750.;3050.
W;58;IH;258.;460.;2380.;2940.
W;58;IH;251.;480.;2260.;2980.
W;58;EH;246.;640.;2220.;2900.
W;58;EH;250.;670.;2250.;2960.
W;58;AE;243.;950.;1970.;2890.
W;58;AE;244.;980.;1950.;2920.
W;58;AH;251.;750.;1280.;2760.
W;58;AH;258.;770.;1340.;2800.
W;58;AA;250.;950.;1130.;3160.
W;58;AA;256.;850.;1150.;2940.
W;58;AO;242.;530.;870.;2680.
W;58;AO;250.;600.;900.;2770.
W;58;UH;250.;600.;1225.;2500.
W;58;UH;264.;630.;1320.;2560.
W;58;UW;258.;440.;1290.;2530.
W;58;UW;269.;460.;1080.;2640.
W;58;ER;250.;600.;1500.;2000.
W;58;ER;254.;610.;1520.;1950.
W;59;IY;234.;280.;2690.;3040.
W;59;IY;261.;280.;2740.;2980.
W;59;IH;260.;470.;2500.;3400.
W;59;IH;262.;440.;2480.;3240.
W;59;EH;242.;730.;2300.;3100.
W;59;EH;260.;750.;2340.;3120.
W;59;AE;233.;860.;2070.;2880.
W;59;AE;240.;890.;1920.;2710.
W;59;AH;257.;770.;1540.;2840.
W;59;AH;257.;800.;1410.;2860.
W;59;AA;240.;790.;1250.;3080.
W;59;AA;241.;820.;1210.;2960.
W;59;AO;234.;408.;695.;3040.
W;59;AO;246.;420.;590.;3100.
W;59;UH;251.;500.;1230.;2520.
W;59;UH;256.;480.;1230.;2750.
W;59;UW;263.;419.;1050.;2850.
W;59;UW;278.;390.;1060.;2800.
W;59;ER;220.;420.;1720.;1900.
W;59;ER;255.;510.;1680.;1890.
W;60;IY;208.;270.;2820.;3450.
W;60;IY;225.;250.;2880.;3350.
W;60;IH;220.;370.;2530.;3060.
W;60;IH;250.;400.;2600.;3120.
W;60;EH;214.;640.;2360.;3020.
W;60;EH;219.;650.;2430.;3040.
W;60;AE;205.;900.;2090.;3000.
W;60;AE;200.;860.;2160.;2870.
W;60;AH;214.;750.;1540.;2800.
W;60;AH;214.;770.;1530.;2780.
W;60;AA;195.;920.;1350.;2550.
W;60;AA;210.;920.;1470.;2690.
W;60;AO;194.;720.;1110.;2420.
W;60;AO;200.;700.;1100.;2780.
W;60;UH;222.;470.;1200.;2900.
W;60;UH;237.;470.;1190.;2800.
W;60;UW;240.;380.;980.;3100.
W;60;UW;188.;340.;920.;3050.
W;60;ER;222.;530.;1670.;2050.
W;60;ER;200.;500.;1720.;1900.
W;61;IY;258.;310.;2740.;3200.
W;61;IY;262.;262.;2680.;3170.
W;61;IH;262.;450.;2310.;3020.
W;61;IH;263.;472.;2270.;2950.
W;61;EH;245.;640.;1980.;2920.
W;61;EH;235.;700.;2110.;2940.
W;61;AE;194.;810.;1860.;2620.
W;61;AE;234.;890.;1800.;2700.
W;61;AH;230.;710.;1340.;2780.
W;61;AH;245.;740.;1470.;2940.
W;61;AA;225.;830.;1020.;2650.
W;61;AA;219.;830.;1095.;2610.
W;61;AO;240.;600.;850.;2760.
W;61;AO;253.;455.;810.;2750.
W;61;UH;282.;400.;1070.;2530.
W;61;UH;250.;450.;1050.;2450.
W;61;UW;260.;290.;670.;2380.
W;61;UW;275.;330.;630.;2460.
W;61;ER;240.;500.;1630.;2040.
W;61;ER;243.;490.;1580.;2190.
C;62;IY;228.;460.;3300.;3950.
C;62;IY;200.;400.;3400.;3850.
C;62;IH;205.;600.;2550.;4000.
C;62;IH;205.;610.;2500.;4100.
C;62;EH;225.;600.;2750.;3600.
C;62;EH;210.;760.;2500.;3850.
C;62;AE;200.;1000.;2300.;3900.
C;62;AE;200.;800.;2500.;4050.
C;62;AH;200.;1000.;1750.;3550.
C;62;AH;223.;1110.;1690.;4040.
C;62;AA;205.;1220.;1560.;3650.
C;62;AA;200.;1300.;1800.;3450.
C;62;AO;219.;660.;1100.;3850.
C;62;AO;217.;690.;1090.;3900.
C;62;UH;206.;620.;1420.;3700.
C;62;UH;220.;620.;1410.;3520.
C;62;UW;233.;440.;900.;3900.
C;62;UW;200.;400.;650.;3800.
C;62;ER;210.;610.;2300.;2900.
C;62;ER;200.;450.;2150.;2550.
C;63;IY;290.;320.;3500.;4260.
C;63;IY;305.;350.;3400.;4100.
C;63;IH;322.;640.;3200.;3660.
C;63;IH;325.;650.;3000.;3800.
C;63;EH;270.;850.;2900.;3680.
C;63;EH;285.;700.;3120.;3750.
C;63;AE;256.;1130.;2560.;3500.
C;63;AE;285.;1140.;2000.;3560.
C;63;AH;310.;1130.;1740.;3670.
C;63;AH;300.;1000.;1800.;3450.
C;63;AA;265.;1170.;1500.;3440.
C;63;AA;283.;980.;1300.;3100.
C;63;AO;265.;530.;1060.;3450.
C;63;AO;272.;540.;1080.;3000.
C;63;UH;285.;560.;1440.;3500.
C;63;UH;294.;570.;1450.;3500.
C;63;UW;333.;350.;1280.;3650.
C;63;UW;290.;340.;1160.;2950.
C;63;ER;275.;560.;1740.;2460.
C;63;ER;302.;600.;1800.;2200.
C;64;IY;240.;380.;3140.;3700.
C;64;IY;258.;310.;3350.;3650.
C;64;IH;290.;580.;2760.;3400.
C;64;IH;250.;500.;2660.;3500.
C;64;EH;250.;780.;2450.;3400.
C;64;EH;240.;672.;2550.;3400.
C;64;AE;240.;660.;2900.;3370.
C;64;AE;215.;760.;2850.;3300.
C;64;AH;250.;880.;1500.;3200.
C;64;AH;243.;850.;1700.;3250.
C;64;AA;250.;940.;1380.;2400.
C;64;AA;276.;1200.;1500.;3160.
C;64;AO;250.;750.;1250.;3450.
C;64;AO;225.;675.;950.;3240.
C;64;UH;300.;610.;1500.;3300.
C;64;UH;275.;500.;1370.;3500.
C;64;UW;256.;300.;1280.;3150.
C;64;UW;250.;400.;1300.;3700.
C;64;ER;250.;500.;1540.;1700.
C;64;ER;242.;580.;1620.;1790.
C;65;IY;291.;410.;3200.;3800.
C;65;IY;264.;420.;3400.;3900.
C;65;IH;291.;580.;2900.;3820.
C;65;IH;280.;560.;2840.;3900.
C;65;EH;292.;810.;2640.;4200.
C;65;EH;270.;780.;2720.;4100.
C;65;AE;270.;1080.;2480.;3950.
C;65;AE;245.;1050.;2420.;4000.
C;65;AH;286.;970.;1600.;3950.
C;65;AH;250.;800.;1680.;3800.
C;65;AA;275.;1040.;1350.;3850.
C;65;AA;250.;1100.;1460.;4250.
C;65;AO;286.;770.;1150.;3950.
C;65;AO;273.;710.;1200.;3900.
C;65;UH;285.;680.;1420.;3800.
C;65;UH;278.;640.;1350.;3950.
C;65;UW;300.;420.;1110.;3640.
C;65;UW;280.;505.;1050.;3400.
C;65;ER;320.;640.;1940.;2820.
C;65;ER;265.;610.;2100.;2600.
C;66;IY;330.;460.;2800.;3550.
C;66;IY;333.;490.;2730.;3550.
C;66;IH;310.;560.;2500.;3450.
C;66;IH;310.;580.;2500.;3450.
C;66;EH;286.;800.;2300.;3750.
C;66;EH;310.;835.;2420.;3740.
C;66;AE;282.;950.;2150.;3650.
C;66;AE;310.;1000.;2150.;3700.
C;66;AH;293.;880.;1700.;3750.
C;66;AH;340.;900.;1600.;3650.
C;66;AA;299.;990.;1410.;3750.
C;66;AA;280.;1050.;1320.;3730.
C;66;AO;285.;770.;940.;3750.
C;66;AO;333.;680.;1020.;3700.
C;66;UH;322.;550.;1195.;3750.
C;66;UH;350.;550.;1340.;3500.
C;66;UW;316.;600.;1200.;3600.
C;66;UW;345.;550.;1100.;3470.
C;66;ER;310.;805.;1705.;2420.
C;66;ER;310.;710.;1700.;2400.
C;67;IY;210.;340.;3400.;4320.
C;67;IY;227.;590.;3610.;4220.
C;67;IH;235.;680.;3250.;4380.
C;67;IH;220.;440.;3000.;3790.
C;67;EH;212.;660.;2900.;3610.
C;67;EH;216.;610.;2760.;3650.
C;67;AE;214.;1240.;2700.;3640.
C;67;AE;215.;1050.;2550.;3550.
C;67;AH;216.;820.;1470.;3500.
C;67;AH;211.;970.;1410.;3200.
C;67;AA;218.;1090.;1380.;3050.
C;67;AA;212.;860.;1250.;2800.
C;67;AO;211.;800.;1220.;3700.
C;67;AO;214.;640.;1070.;3000.
C;67;UH;219.;660.;1360.;3700.
C;67;UH;214.;730.;1500.;3600.
C;67;UW;220.;620.;1100.;3250.
C;67;UW;216.;600.;1280.;3650.
C;67;ER;222.;670.;2130.;2360.
C;67;ER;205.;760.;2240.;2460.
C;68;IY;253.;330.;3250.;3720.
C;68;IY;262.;340.;3100.;3400.
C;68;IH;250.;500.;2500.;3640.
C;68;IH;278.;530.;2630.;3640.
C;68;EH;255.;710.;2550.;3560.
C;68;EH;250.;750.;2480.;3470.
C;68;AE;233.;1140.;2260.;3640.
C;68;AE;245.;1110.;2230.;3380.
C;68;AH;256.;770.;1540.;3500.
C;68;AH;257.;800.;1490.;3300.
C;68;AA;240.;940.;1400.;3400.
C;68;AA;245.;930.;1370.;3120.
C;68;AO;240.;530.;860.;3400.
C;68;AO;240.;520.;910.;3420.
C;68;UH;255.;510.;1250.;3320.
C;68;UH;260.;520.;1140.;3320.
C;68;UW;274.;360.;660.;3050.
C;68;UW;260.;310.;730.;3500.
C;68;ER;250.;550.;1500.;1800.
C;68;ER;239.;480.;1650.;1960.
C;69;IY;250.;300.;2950.;3600.
C;69;IY;270.;320.;3210.;3600.
C;69;IH;290.;550.;2610.;3560.
C;69;IH;286.;540.;2570.;3600.
C;69;EH;280.;700.;2500.;3580.
C;69;EH;263.;600.;2360.;3400.
C;69;AE;260.;970.;2400.;3200.
C;69;AE;250.;950.;2270.;3200.
C;69;AH;270.;780.;1650.;3350.
C;69;AH;250.;720.;1500.;3240.
C;69;AA;278.;950.;1200.;2950.
C;69;AA;250.;920.;1080.;2770.
C;69;AO;262.;790.;1050.;2900.
C;69;AO;250.;750.;1000.;2500.
C;69;UH;275.;540.;1430.;3320.
C;69;UH;263.;530.;1580.;3200.
C;69;UW;295.;420.;1500.;3010.
C;69;UW;260.;450.;1330.;2840.
C;69;ER;272.;570.;1880.;2400.
C;69;ER;255.;510.;1610.;1910.
C;70;IY;235.;280.;2820.;3400.
C;70;IY;244.;317.;3125.;3500.
C;70;IH;230.;460.;2520.;3300.
C;70;IH;212.;420.;2480.;3140.
C;70;EH;235.;657.;2300.;3300.
C;70;EH;232.;672.;2275.;3300.
C;70;AE;231.;808.;1950.;3300.
C;70;AE;225.;870.;2000.;3200.
C;70;AH;236.;706.;1410.;3200.
C;70;AH;211.;720.;1480.;2880.
C;70;AA;250.;950.;1350.;3100.
C;70;AA;227.;910.;1360.;2950.
C;70;AO;203.;700.;1120.;3070.
C;70;AO;230.;690.;920.;2760.
C;70;UH;250.;475.;1250.;3150.
C;70;UH;212.;460.;1210.;2750.
C;70;UW;244.;403.;1100.;2950.
C;70;UW;242.;363.;920.;2900.
C;70;ER;226.;452.;1580.;1810.
C;70;ER;232.;510.;1550.;1740.
C;71;IY;230.;280.;3140.;3830.
C;71;IY;250.;300.;3400.;3950.
C;71;IH;225.;450.;2700.;3650.
C;71;IH;250.;400.;2840.;3700.
C;71;EH;215.;580.;2650.;3550.
C;71;EH;220.;620.;2660.;3770.
C;71;AE;240.;910.;2370.;3160.
C;71;AE;233.;930.;2350.;3450.
C;71;AH;250.;770.;1650.;3420.
C;71;AH;230.;690.;1600.;3350.
C;71;AA;242.;970.;1450.;3260.
C;71;AA;225.;1010.;1650.;3150.
C;71;AO;232.;670.;1160.;3550.
C;71;AO;225.;720.;1260.;3400.
C;71;UH;216.;500.;1640.;3580.
C;71;UH;250.;450.;1440.;3500.
C;71;UW;290.;350.;1160.;3260.
C;71;UW;273.;330.;1090.;3350.
C;71;ER;240.;430.;1800.;2400.
C;71;ER;233.;470.;1840.;2400.
C;72;IY;275.;330.;3050.;3800.
C;72;IY;286.;340.;2860.;3610.
C;72;IH;280.;500.;2720.;3360.
C;72;IH;230.;600.;2750.;3550.
C;72;EH;245.;735.;2450.;3300.
C;72;EH;258.;780.;2560.;3300.
C;72;AE;235.;940.;2020.;2580.
C;72;AE;232.;1070.;2320.;2900.
C;72;AH;268.;860.;1530.;3100.
C;72;AH;256.;970.;1500.;3050.
C;72;AA;245.;780.;1250.;3180.
C;72;AA;236.;970.;970.;3120.
C;72;AO;258.;825.;1210.;3100.
C;72;AO;300.;930.;930.;2900.
C;72;UH;260.;490.;1460.;2860.
C;72;UH;286.;570.;1320.;2840.
C;72;UW;275.;470.;1400.;2800.
C;72;UW;286.;370.;1160.;2800.
C;72;ER;268.;510.;1660.;2100.
C;72;ER;250.;480.;1700.;1830.
C;73;IY;295.;380.;3200.;4000.
C;73;IY;267.;350.;3250.;3700.
C;73;IH;294.;380.;2960.;3800.
C;73;IH;300.;520.;2900.;3600.
C;73;EH;280.;670.;2790.;3600.
C;73;EH;275.;620.;2750.;3500.
C;73;AE;262.;1070.;2380.;3100.
C;73;AE;275.;1130.;2320.;3110.
C;73;AH;290.;700.;1730.;2960.
C;73;AH;270.;725.;1570.;2900.
C;73;AA;278.;1110.;1630.;2780.
C;73;AA;280.;1130.;1400.;3000.
C;73;AO;292.;580.;930.;2950.
C;73;AO;270.;540.;1070.;3000.
C;73;UH;300.;450.;1350.;3000.
C;73;UH;320.;520.;1600.;3150.
C;73;UW;307.;460.;1460.;3070.
C;73;UW;300.;400.;1700.;3000.
C;73;ER;300.;540.;1770.;2040.
C;73;ER;286.;540.;2050.;2300.
C;74;IY;300.;300.;3250.;3850.
C;74;IY;275.;275.;3280.;3800.
C;74;IH;286.;570.;2850.;3400.
C;74;IH;267.;485.;2630.;3450.
C;74;EH;264.;650.;2880.;3500.
C;74;EH;284.;570.;2900.;3600.
C;74;AE;260.;1300.;2280.;3130.
C;74;AE;260.;1300.;2160.;3300.
C;74;AH;275.;850.;1540.;3020.
C;74;AH;262.;840.;1580.;2880.
C;74;AA;250.;1230.;1300.;3200.
C;74;AA;286.;1090.;1230.;2980.
C;74;AO;265.;850.;850.;2920.
C;74;AO;285.;685.;1030.;2900.
C;74;UH;283.;540.;1420.;3050.
C;74;UH;300.;600.;1440.;2900.
C;74;UW;280.;390.;1340.;2830.
C;74;UW;284.;340.;1110.;3080.
C;74;ER;280.;530.;1650.;1740.
C;74;ER;286.;550.;1660.;1770.
C;75;IY;265.;370.;2950.;3400.
C;75;IY;290.;370.;2910.;3480.
C;75;IH;271.;515.;2740.;3280.
C;75;IH;290.;485.;2600.;3200.
C;75;EH;262.;630.;2520.;3150.
C;75;EH;272.;565.;2440.;3120.
C;75;AE;262.;970.;2030.;2880.
C;75;AE;275.;915.;2130.;2900.
C;75;AH;270.;810.;1600.;3230.
C;75;AH;280.;760.;1530.;3180.
C;75;AA;270.;810.;1350.;2940.
C;75;AA;275.;1000.;1360.;3000.
C;75;AO;270.;535.;970.;2960.
C;75;AO;275.;550.;1080.;2850.
C;75;UH;275.;550.;1420.;3040.
C;75;UH;295.;570.;1500.;3000.
C;75;UW;283.;510.;1700.;3020.
C;75;UW;278.;500.;1640.;3050.
C;75;ER;261.;522.;1830.;2350.
C;75;ER;282.;530.;1800.;2250.
C;76;IY;320.;350.;3240.;3760.
C;76;IY;344.;344.;3120.;3640.
C;76;IH;308.;590.;2760.;3500.
C;76;IH;320.;540.;2900.;3500.
C;76;EH;307.;830.;2750.;3650.
C;76;EH;308.;800.;2640.;3540.
C;76;AE;294.;1140.;2450.;3230.
C;76;AE;239.;1130.;2550.;3150.
C;76;AH;310.;930.;1540.;3120.
C;76;AH;315.;950.;1670.;3150.
C;76;AA;350.;1190.;1470.;3150.
C;76;AA;314.;1070.;1460.;2950.
C;76;AO;300.;910.;1200.;3180.
C;76;AO;330.;830.;1250.;3250.
C;76;UH;327.;630.;1310.;3270.
C;76;UH;322.;610.;1550.;3400.
C;76;UW;345.;520.;1250.;3460.
C;76;UW;334.;500.;1140.;3380.
C;76;ER;308.;740.;1850.;2160.
C;76;ER;328.;660.;1830.;2200.
